1,27,1,0,0,0.0053,9.16979003
1,27,2,0,0,0.0053,7.968231916
1,27,3,0,0,0.0053,7.43507576
2,27,1,0,0,1.0000,0.838174582
2,27,2,0,0,1.0000,0.660145283
2,27,3,0,0,1.0000,0.748167276
3,27,1,0,0,0.1154,0.692125082
3,27,2,0,0,0.1154,1.041266441
3,27,3,0,0,0.1154,0.600198984
1,27,1,1,0,0.0053,9.238855124
1,27,2,1,0,0.0053,7.842194319
1,27,3,1,0,0.0053,7.316097021
2,27,1,1,0,1.0000,0.780128241
2,27,2,1,0,1.0000,0.659146547
2,27,3,1,0,1.0000,0.656155825
3,27,1,1,0,0.1154,0.664086342
3,27,2,1,0,0.1154,1.061264515
3,27,3,1,0,0.1154,0.568185806
1,27,1,2,0,0.0053,9.516886473
1,27,2,2,0,0.0053,8.21630168
1,27,3,2,0,0.0053,7.702184439
2,27,1,2,0,1.0000,0.77515769
2,27,2,2,0,1.0000,0.663112402
2,27,3,2,0,1.0000,0.666166544
3,27,1,2,0,0.1154,0.681123018
3,27,2,2,0,0.1154,1.061248779
3,27,3,2,0,0.1154,0.566189051
1,27,1,3,0,0.0053,9.252866268
1,27,2,3,0,0.0053,7.940286875
1,27,3,3,0,0.0053,7.325140238
2,27,1,3,0,1.0000,0.754134178
2,27,2,3,0,1.0000,0.642059565
2,27,3,3,0,1.0000,0.63513875
3,27,1,3,0,0.1154,0.698122025
3,27,2,3,0,0.1154,1.146309614
3,27,3,3,0,0.1154,0.583163977
1,27,1,4,0,0.0053,9.374836445
1,27,2,4,0,0.0053,8.000242233
1,27,3,4,0,0.0053,7.459078789
2,27,1,4,0,1.0000,0.760150194
2,27,2,4,0,1.0000,0.647130251
2,27,3,4,0,1.0000,0.642167568
3,27,1,4,0,0.1154,0.67710042
3,27,2,4,0,0.1154,1.075299025
3,27,3,4,0,0.1154,0.566225052
1,27,1,0,1,0.0053,9.622943163
1,27,2,0,1,0.0053,8.31339097
1,27,3,0,1,0.0053,7.744192839
2,27,1,0,1,1.0000,0.783098936
2,27,2,0,1,1.0000,0.667101145
2,27,3,0,1,1.0000,0.650140524
3,27,1,0,1,0.1154,0.708097458
3,27,2,0,1,0.1154,1.120322227
3,27,3,0,1,0.1154,0.586207867
1,27,1,1,1,0.0053,9.350892305
1,27,2,1,1,0.0053,8.059298754
1,27,3,1,1,0.0053,7.434136152
2,27,1,1,1,1.0000,0.770186186
2,27,2,1,1,1.0000,0.646083117
2,27,3,1,1,1.0000,0.644186974
3,27,1,1,1,0.1154,0.689081192
3,27,2,1,1,0.1154,1.125313044
3,27,3,1,1,0.1154,0.58114624
1,27,1,2,1,0.0053,9.673969507
1,27,2,2,1,0.0053,8.27538228
1,27,3,2,1,0.0053,7.714191437
2,27,1,2,1,1.0000,0.760156155
2,27,2,2,1,1.0000,0.649129629
2,27,3,2,1,1.0000,0.645202875
3,27,1,2,1,0.1154,0.687081814
3,27,2,2,1,0.1154,1.065284967
3,27,3,2,1,0.1154,0.569165707
1,27,1,3,1,0.0053,9.33186841
1,27,2,3,1,0.0053,8.044258595
1,27,3,3,1,0.0053,7.503125668
2,27,1,3,1,1.0000,0.76018095
2,27,2,3,1,1.0000,0.65012145
2,27,3,3,1,1.0000,0.655187845
3,27,1,3,1,0.1154,0.676058054
3,27,2,3,1,0.1154,1.049313784
3,27,3,3,1,0.1154,0.563163757
1,27,1,4,1,0.0053,9.406898499
1,27,2,4,1,0.0053,8.148303986
1,27,3,4,1,0.0053,7.545146942
2,27,1,4,1,1.0000,0.748132706
2,27,2,4,1,1.0000,0.648112297
2,27,3,4,1,1.0000,0.648154736
3,27,1,4,1,0.1154,0.659096241
3,27,2,4,1,0.1154,1.106290102
3,27,3,4,1,0.1154,0.553166151
1,27,1,0,2,0.0053,9.916095734
1,27,2,0,2,0.0053,8.54742384
1,27,3,0,2,0.0053,8.03334403
2,27,1,0,2,1.0000,0.802208424
2,27,2,0,2,1.0000,0.677050829
2,27,3,0,2,1.0000,0.68419385
3,27,1,0,2,0.1154,0.67901516
3,27,2,0,2,0.1154,1.068278551
3,27,3,0,2,0.1154,0.564141989
1,27,1,1,2,0.0053,9.161865711
1,27,2,1,2,0.0053,7.938296556
1,27,3,1,2,0.0053,7.351135015
2,27,1,1,2,1.0000,0.766197443
2,27,2,1,2,1.0000,0.663125992
2,27,3,1,2,1.0000,0.661175251
3,27,1,1,2,0.1154,0.701122999
3,27,2,1,2,0.1154,1.095261574
3,27,3,1,2,0.1154,0.600159883
1,27,1,2,2,0.0053,9.569945812
1,27,2,2,2,0.0053,8.272357225
1,27,3,2,2,0.0053,7.64120388
2,27,1,2,2,1.0000,0.761193514
2,27,2,2,2,1.0000,0.644150972
2,27,3,2,2,1.0000,0.649197817
3,27,1,2,2,0.1154,0.665058136
3,27,2,2,2,0.1154,1.137295008
3,27,3,2,2,0.1154,0.561178207
1,27,1,3,2,0.0053,9.591937542
1,27,2,3,2,0.0053,8.257348299
1,27,3,3,2,0.0053,7.684214354
2,27,1,3,2,1.0000,0.793153048
2,27,2,3,2,1.0000,0.673141241
2,27,3,3,2,1.0000,0.677195311
3,27,1,3,2,0.1154,0.699089766
3,27,2,3,2,0.1154,1.094281197
3,27,3,3,2,0.1154,0.594160557
1,27,1,4,2,0.0053,9.202813864
1,27,2,4,2,0.0053,7.931259394
1,27,3,4,2,0.0053,7.346100092
2,27,1,4,2,1.0000,0.780128241
2,27,2,4,2,1.0000,0.671136141
2,27,3,4,2,1.0000,0.664201975
3,27,1,4,2,0.1154,0.683019161
3,27,2,4,2,0.1154,1.059278727
3,27,3,4,2,0.1154,0.583176851
1,27,1,0,3,0.0053,9.386993647
1,27,2,0,3,0.0053,8.071411371
1,27,3,0,3,0.0053,7.443226814
2,27,1,0,3,1.0000,0.785194635
2,27,2,0,3,1.0000,0.667156935
2,27,3,0,3,1.0000,0.670099735
3,27,1,0,3,0.1154,0.739110947
3,27,2,0,3,0.1154,1.197364569
3,27,3,0,3,0.1154,0.618147135
1,27,1,1,3,0.0053,9.743977785
1,27,2,1,3,0.0053,8.387342453
1,27,3,1,3,0.0053,7.791237831
2,27,1,1,3,1.0000,0.76621604
2,27,2,1,3,1.0000,0.663075924
2,27,3,1,3,1.0000,0.662157536
3,27,1,1,3,0.1154,0.713125706
3,27,2,1,3,0.1154,1.110297441
3,27,3,1,3,0.1154,0.593198538
1,27,1,2,3,0.0053,9.433831215
1,27,2,2,3,0.0053,8.151764631
1,27,3,2,3,0.0053,7.58808279
2,27,1,2,3,1.0000,0.78021121
2,27,2,2,3,1.0000,0.655080795
2,27,3,2,3,1.0000,0.656179428
3,27,1,2,3,0.1154,0.666078568
3,27,2,2,3,0.1154,1.055300474
3,27,3,2,3,0.1154,0.566245079
1,27,1,3,3,0.0053,9.530935287
1,27,2,3,3,0.0053,8.177281618
1,27,3,3,3,0.0053,7.554154396
2,27,1,3,3,1.0000,0.784193993
2,27,2,3,3,1.0000,0.683110237
2,27,3,3,3,1.0000,0.657179832
3,27,1,3,3,0.1154,0.727123022
3,27,2,3,3,0.1154,1.185322046
3,27,3,3,3,0.1154,0.621177912
1,27,1,4,3,0.0053,9.401874304
1,27,2,4,3,0.0053,7.984287262
1,27,3,4,3,0.0053,7.475124121
2,27,1,4,3,1.0000,0.767168045
2,27,2,4,3,1.0000,0.651108265
2,27,3,4,3,1.0000,0.64115572
3,27,1,4,3,0.1154,0.697095394
3,27,2,4,3,0.1154,1.074307203
3,27,3,4,3,0.1154,0.579137802
1,27,1,0,4,0.0053,9.456885576
1,27,2,0,4,0.0053,8.179323912
1,27,3,0,4,0.0053,7.600111723
2,27,1,0,4,1.0000,0.782188177
2,27,2,0,4,1.0000,0.672103405
2,27,3,0,4,1.0000,0.668178797
3,27,1,0,4,0.1154,0.715109587
3,27,2,0,4,0.1154,1.081311941
3,27,3,0,4,0.1154,0.597182035
1,27,1,1,4,0.0053,9.483952999
1,27,2,1,4,0.0053,8.221371651
1,27,3,1,4,0.0053,7.580191135
2,27,1,1,4,1.0000,0.787214756
2,27,2,1,4,1.0000,0.673083544
2,27,3,1,4,1.0000,0.671175718
3,27,1,1,4,0.1154,0.706054688
3,27,2,1,4,0.1154,1.157324553
3,27,3,1,4,0.1154,0.583144426
1,27,1,2,4,0.0053,9.597918987
1,27,2,2,4,0.0053,8.209296942
1,27,3,2,4,0.0053,7.678193092
2,27,1,2,4,1.0000,0.779148102
2,27,2,2,4,1.0000,0.668097258
2,27,3,2,4,1.0000,0.665167093
3,27,1,2,4,0.1154,0.683122635
3,27,2,2,4,0.1154,1.074299812
3,27,3,2,4,0.1154,0.569204569
1,27,1,3,4,0.0053,9.786991835
1,27,2,3,4,0.0053,8.47641468
1,27,3,3,4,0.0053,7.915259361
2,27,1,3,4,1.0000,0.777194738
2,27,2,3,4,1.0000,0.644086123
2,27,3,3,4,1.0000,0.654151917
3,27,1,3,4,0.1154,0.684151411
3,27,2,3,4,0.1154,1.071203709
3,27,3,3,4,0.1154,0.57914567
1,27,1,4,4,0.0053,9.386868715
1,27,2,4,4,0.0053,8.113317251
1,27,3,4,4,0.0053,7.455172539
2,27,1,4,4,1.0000,0.779169798
2,27,2,4,4,1.0000,0.67312026
2,27,3,4,4,1.0000,0.659158468
3,27,1,4,4,0.1154,0.693122387
3,27,2,4,4,0.1154,1.145316362
3,27,3,4,4,0.1154,0.589152336
1,27,1,0,5,0.0053,9.574972868
1,27,2,0,5,0.0053,8.206382036
1,27,3,0,5,0.0053,7.668202162
2,27,1,0,5,1.0000,0.765187979
2,27,2,0,5,1.0000,0.653122663
2,27,3,0,5,1.0000,0.656196117
3,27,1,0,5,0.1154,0.693130493
3,27,2,0,5,0.1154,1.0822227
3,27,3,0,5,0.1154,0.584181547
1,27,1,1,5,0.0053,9.620974302
1,27,2,1,5,0.0053,8.278380871
1,27,3,1,5,0.0053,7.754211903
2,27,1,1,5,1.0000,0.788139105
2,27,2,1,5,1.0000,0.69013238
2,27,3,1,5,1.0000,0.666149139
3,27,1,1,5,0.1154,0.704094887
3,27,2,1,5,0.1154,1.084301472
3,27,3,1,5,0.1154,0.587167263
1,27,1,2,5,0.0053,9.395934343
1,27,2,2,5,0.0053,8.045291185
1,27,3,2,5,0.0053,7.431099653
2,27,1,2,5,1.0000,0.77816534
2,27,2,2,5,1.0000,0.648104906
2,27,3,2,5,1.0000,0.650160789
3,27,1,2,5,0.1154,0.672065496
3,27,2,2,5,0.1154,1.113296509
3,27,3,2,5,0.1154,0.559168339
1,27,1,3,5,0.0053,9.61596489
1,27,2,3,5,0.0053,8.254292727
1,27,3,3,5,0.0053,7.701200008
2,27,1,3,5,1.0000,0.766146421
2,27,2,3,5,1.0000,0.661091805
2,27,3,3,5,1.0000,0.660113335
3,27,1,3,5,0.1154,0.706115961
3,27,2,3,5,0.1154,1.09027195
3,27,3,3,5,0.1154,0.577167273
1,27,1,4,5,0.0053,9.939980984
1,27,2,4,5,0.0053,8.65545702
1,27,3,4,5,0.0053,8.073285341
2,27,1,4,5,1.0000,0.785186768
2,27,2,4,5,1.0000,0.668154001
2,27,3,4,5,1.0000,0.658139229
3,27,1,4,5,0.1154,0.689080477
3,27,2,4,5,0.1154,1.094299078
3,27,3,4,5,0.1154,0.593203306
1,27,1,0,6,0.0053,9.4039464
1,27,2,0,6,0.0053,8.085305214
1,27,3,0,6,0.0053,7.507133961
2,27,1,0,6,1.0000,0.764162779
2,27,2,0,6,1.0000,0.640160561
2,27,3,0,6,1.0000,0.645202398
3,27,1,0,6,0.1154,0.697096348
3,27,2,0,6,0.1154,1.1523633
3,27,3,0,6,0.1154,0.588162899
1,27,1,1,6,0.0053,9.850012779
1,27,2,1,6,0.0053,8.498389006
1,27,3,1,6,0.0053,7.950227022
2,27,1,1,6,1.0000,0.79618001
2,27,2,1,6,1.0000,0.681123257
2,27,3,1,6,1.0000,0.66719985
3,27,1,1,6,0.1154,0.727116823
3,27,2,1,6,0.1154,1.11529994
3,27,3,1,6,0.1154,0.615195513
1,27,1,2,6,0.0053,9.662956715
1,27,2,2,6,0.0053,8.402339935
1,27,3,2,6,0.0053,7.832237482
2,27,1,2,6,1.0000,0.767139673
2,27,2,2,6,1.0000,0.64714241
2,27,3,2,6,1.0000,0.651168585
3,27,1,2,6,0.1154,0.686089754
3,27,2,2,6,0.1154,1.079328537
3,27,3,2,6,0.1154,0.583148003
1,27,1,3,6,0.0053,9.832011938
1,27,2,3,6,0.0053,8.378384829
1,27,3,3,6,0.0053,7.748213291
2,27,1,3,6,1.0000,0.776134253
2,27,2,3,6,1.0000,0.664155483
2,27,3,3,6,1.0000,0.66718483
3,27,1,3,6,0.1154,0.689103603
3,27,2,3,6,0.1154,1.146365166
3,27,3,3,6,0.1154,0.573132753
1,27,1,4,6,0.0053,9.754960775
1,27,2,4,6,0.0053,8.402392149
1,27,3,4,6,0.0053,7.832167387
2,27,1,4,6,1.0000,0.766165733
2,27,2,4,6,1.0000,0.665220499
2,27,3,4,6,1.0000,0.653138876
3,27,1,4,6,0.1154,0.677093983
3,27,2,4,6,0.1154,1.061282158
3,27,3,4,6,0.1154,0.574194908
1,27,1,0,7,0.0053,9.424852848
1,27,2,0,7,0.0053,8.121275425
1,27,3,0,7,0.0053,7.613166809
2,27,1,0,7,1.0000,0.775133848
2,27,2,0,7,1.0000,0.656185627
2,27,3,0,7,1.0000,0.651089191
3,27,1,0,7,0.1154,0.693098545
3,27,2,0,7,0.1154,1.0952847
3,27,3,0,7,0.1154,0.591156006
1,27,1,1,7,0.0053,9.365895271
1,27,2,1,7,0.0053,8.090289593
1,27,3,1,7,0.0053,7.487144232
2,27,1,1,7,1.0000,0.78716135
2,27,2,1,7,1.0000,0.66913414
2,27,3,1,7,1.0000,0.672183514
3,27,1,1,7,0.1154,0.7181077
3,27,2,1,7,0.1154,1.162328482
3,27,3,1,7,0.1154,0.597215176
1,27,1,2,7,0.0053,9.184883595
1,27,2,2,7,0.0053,7.820202589
1,27,3,2,7,0.0053,7.266047239
2,27,1,2,7,1.0000,0.769188166
2,27,2,2,7,1.0000,0.662127733
2,27,3,2,7,1.0000,0.657184362
3,27,1,2,7,0.1154,0.691068411
3,27,2,2,7,0.1154,1.078340769
3,27,3,2,7,0.1154,0.582199335
1,27,1,3,7,0.0053,9.672957897
1,27,2,3,7,0.0053,8.342304945
1,27,3,3,7,0.0053,7.784217834
2,27,1,3,7,1.0000,0.773164988
2,27,2,3,7,1.0000,0.65009284
2,27,3,3,7,1.0000,0.659174442
3,27,1,3,7,0.1154,0.669064045
3,27,2,3,7,0.1154,1.073305845
3,27,3,3,7,0.1154,0.57215023
1,27,1,4,7,0.0053,9.319881916
1,27,2,4,7,0.0053,8.013303041
1,27,3,4,7,0.0053,7.349079132
2,27,1,4,7,1.0000,0.753146887
2,27,2,4,7,1.0000,0.640112877
2,27,3,4,7,1.0000,0.648157835
3,27,1,4,7,0.1154,0.687067986
3,27,2,4,7,0.1154,1.131285429
3,27,3,4,7,0.1154,0.588191509
1,27,1,0,8,0.0053,9.69194293
1,27,2,0,8,0.0053,8.33134532
1,27,3,0,8,0.0053,7.756244421
2,27,1,0,8,1.0000,0.793205023
2,27,2,0,8,1.0000,0.680152416
2,27,3,0,8,1.0000,0.67320919
3,27,1,0,8,0.1154,0.723106861
3,27,2,0,8,0.1154,1.111290216
3,27,3,0,8,0.1154,0.610208035
1,27,1,1,8,0.0053,9.865009069
1,27,2,1,8,0.0053,8.548442125
1,27,3,1,8,0.0053,7.942252874
2,27,1,1,8,1.0000,0.785228491
2,27,2,1,8,1.0000,0.667173624
2,27,3,1,8,1.0000,0.662208319
3,27,1,1,8,0.1154,0.713087082
3,27,2,1,8,0.1154,1.09427166
3,27,3,1,8,0.1154,0.592163801
1,27,1,2,8,0.0053,9.329851627
1,27,2,2,8,0.0053,8.003293514
1,27,3,2,8,0.0053,7.381984472
2,27,1,2,8,1.0000,0.763166904
2,27,2,2,8,1.0000,0.656108141
2,27,3,2,8,1.0000,0.650137901
3,27,1,2,8,0.1154,0.673074245
3,27,2,2,8,0.1154,1.135279179
3,27,3,2,8,0.1154,0.569180965
1,27,1,3,8,0.0053,9.545906782
1,27,2,3,8,0.0053,8.136304617
1,27,3,3,8,0.0053,7.610161304
2,27,1,3,8,1.0000,0.761140347
2,27,2,3,8,1.0000,0.655134201
2,27,3,3,8,1.0000,0.639142513
3,27,1,3,8,0.1154,0.677101851
3,27,2,3,8,0.1154,1.05529809
3,27,3,3,8,0.1154,0.570228577
1,27,1,4,8,0.0053,9.7039783
1,27,2,4,8,0.0053,8.36540556
1,27,3,4,8,0.0053,7.758127928
2,27,1,4,8,1.0000,0.82922411
2,27,2,4,8,1.0000,0.693144083
2,27,3,4,8,1.0000,0.668157578
3,27,1,4,8,0.1154,0.708101511
3,27,2,4,8,0.1154,1.104329109
3,27,3,4,8,0.1154,0.595170498
1,27,1,0,9,0.0053,9.368824244
1,27,2,0,9,0.0053,8.049269915
1,27,3,0,9,0.0053,7.460160971
2,27,1,0,9,1.0000,0.761220694
2,27,2,0,9,1.0000,0.658049107
2,27,3,0,9,1.0000,0.641143799
3,27,1,0,9,0.1154,0.700104475
3,27,2,0,9,0.1154,1.152304888
3,27,3,0,9,0.1154,0.586181164
1,27,1,1,9,0.0053,9.547957897
1,27,2,1,9,0.0053,8.121321201
1,27,3,1,9,0.0053,7.581169605
2,27,1,1,9,1.0000,0.79219079
2,27,2,1,9,1.0000,0.667150021
2,27,3,1,9,1.0000,0.664172411
3,27,1,1,9,0.1154,0.695075512
3,27,2,1,9,0.1154,1.094306469
3,27,3,1,9,0.1154,0.594200373
1,27,1,2,9,0.0053,9.405875921
1,27,2,2,9,0.0053,8.151312351
1,27,3,2,9,0.0053,7.593144894
2,27,1,2,9,1.0000,0.778156519
2,27,2,2,9,1.0000,0.658113956
2,27,3,2,9,1.0000,0.654156923
3,27,1,2,9,0.1154,0.698078871
3,27,2,2,9,0.1154,1.090286493
3,27,3,2,9,0.1154,0.591175556
1,27,1,3,9,0.0053,9.381906033
1,27,2,3,9,0.0053,8.049244642
1,27,3,3,9,0.0053,7.457141161
2,27,1,3,9,1.0000,0.771167755
2,27,2,3,9,1.0000,0.667119265
2,27,3,3,9,1.0000,0.658128023
3,27,1,3,9,0.1154,0.661070108
3,27,2,3,9,0.1154,1.112287283
3,27,3,3,9,0.1154,0.558210611
1,27,1,4,9,0.0053,9.555929184
1,27,2,4,9,0.0053,8.129342794
1,27,3,4,9,0.0053,7.628158092
2,27,1,4,9,1.0000,0.773181438
2,27,2,4,9,1.0000,0.692170143
2,27,3,4,9,1.0000,0.678215265
3,27,1,4,9,0.1154,0.695099592
3,27,2,4,9,0.1154,1.102282524
3,27,3,4,9,0.1154,0.572183371
1,81,1,0,0,0.0006,82.06622505
1,81,2,0,0,0.0006,66.85063386
1,81,3,0,0,0.0006,70.25397158
2,81,1,0,0,1.0000,7.683124304
2,81,2,0,0,1.0000,5.624296188
2,81,3,0,0,1.0000,5.631339073
3,81,1,0,0,0.0375,2.692532301
3,81,2,0,0,0.0375,2.390608072
3,81,3,0,0,0.0375,2.377694368
1,81,1,1,0,0.0006,82.64947486
1,81,2,1,0,0.0006,67.99740815
1,81,3,1,0,0.0006,71.33826423
2,81,1,1,0,1.0000,7.379097939
2,81,2,1,0,1.0000,5.571268082
2,81,3,1,0,1.0000,5.564308405
3,81,1,1,0,0.0375,2.614477158
3,81,2,1,0,0.0375,2.282632589
3,81,3,1,0,0.0375,2.27559185
1,81,1,2,0,0.0006,82.75847411
1,81,2,2,0,0.0006,67.7533989
1,81,3,2,0,0.0006,71.68742418
2,81,1,2,0,1.0000,7.26701951
2,81,2,2,0,1.0000,5.541255713
2,81,3,2,0,1.0000,5.553268194
3,81,1,2,0,0.0375,2.679515362
3,81,2,2,0,0.0375,2.387668133
3,81,3,2,0,0.0375,2.374601603
1,81,1,3,0,0.0006,81.98825645
1,81,2,3,0,0.0006,67.03928113
1,81,3,3,0,0.0006,70.54407072
2,81,1,3,0,1.0000,7.182046413
2,81,2,3,0,1.0000,5.449220419
2,81,3,3,0,1.0000,5.471306324
3,81,1,3,0,0.0375,2.672468424
3,81,2,3,0,0.0375,2.356611967
3,81,3,3,0,0.0375,2.366633415
1,81,1,4,0,0.0006,82.87297988
1,81,2,4,0,0.0006,68.06141472
1,81,3,4,0,0.0006,72.11547852
2,81,1,4,0,1.0000,7.52519536
2,81,2,4,0,1.0000,5.571299553
2,81,3,4,0,1.0000,5.59037137
3,81,1,4,0,0.0375,2.548469543
3,81,2,4,0,0.0375,2.213633776
3,81,3,4,0,0.0375,2.234624863
1,81,1,0,1,0.0006,84.2989018
1,81,2,0,1,0.0006,68.67257476
1,81,3,0,1,0.0006,72.60265779
2,81,1,0,1,1.0000,7.216997385
2,81,2,0,1,1.0000,5.568230867
2,81,3,0,1,1.0000,5.595348835
3,81,1,0,1,0.0375,2.62141037
3,81,2,0,1,0.0375,2.274525404
3,81,3,0,1,0.0375,2.289569616
1,81,1,1,1,0.0006,82.10028338
1,81,2,1,1,0.0006,66.71506596
1,81,3,1,1,0.0006,70.7281065
2,81,1,1,1,1.0000,7.38007164
2,81,2,1,1,1.0000,5.530266762
2,81,3,1,1,1.0000,5.520314455
3,81,1,1,1,0.0375,2.546434164
3,81,2,1,1,0.0375,2.246606827
3,81,3,1,1,0.0375,2.216614008
1,81,1,2,1,0.0006,84.02677441
1,81,2,2,1,0.0006,68.51510358
1,81,3,2,1,0.0006,72.9657197
2,81,1,2,1,1.0000,7.360064745
2,81,2,2,1,1.0000,5.48120904
2,81,3,2,1,1.0000,5.501312971
3,81,1,2,1,0.0375,2.623555899
3,81,2,2,1,0.0375,2.297582388
3,81,3,2,1,0.0375,2.310649395
1,81,1,3,1,0.0006,83.19555306
1,81,2,3,1,0.0006,67.8903811
1,81,3,3,1,0.0006,72.0025053
2,81,1,3,1,1.0000,7.583064318
2,81,2,3,1,1.0000,5.523228168
2,81,3,3,1,1.0000,5.529261112
3,81,1,3,1,0.0375,2.650544643
3,81,2,3,1,0.0375,2.331653118
3,81,3,3,1,0.0375,2.351656199
1,81,1,4,1,0.0006,84.33780956
1,81,2,4,1,0.0006,68.09643364
1,81,3,4,1,0.0006,72.66464281
2,81,1,4,1,1.0000,7.162037134
2,81,2,4,1,1.0000,5.752320051
2,81,3,4,1,1.0000,5.789350271
3,81,1,4,1,0.0375,2.615539551
3,81,2,4,1,0.0375,2.311568975
3,81,3,4,1,0.0375,2.305627584
1,81,1,0,2,0.0006,85.12808871
1,81,2,0,2,0.0006,70.12803006
1,81,3,0,2,0.0006,74.04304433
2,81,1,0,2,1.0000,7.41114974
2,81,2,0,2,1.0000,5.608221769
2,81,3,0,2,1.0000,5.597363234
3,81,1,0,2,0.0375,2.653532982
3,81,2,0,2,0.0375,2.335544825
3,81,3,0,2,0.0375,2.322604895
1,81,1,1,2,0.0006,81.99221635
1,81,2,1,2,0.0006,67.02320313
1,81,3,1,2,0.0006,71.14331079
2,81,1,1,2,1.0000,7.525159121
2,81,2,1,2,1.0000,5.658379316
2,81,3,1,2,1.0000,5.662380934
3,81,1,1,2,0.0375,2.584459782
3,81,2,1,2,0.0375,2.259589195
3,81,3,1,2,0.0375,2.259589911
1,81,1,2,2,0.0006,81.09100318
1,81,2,2,2,0.0006,65.4517498
1,81,3,2,2,0.0006,69.83293438
2,81,1,2,2,1.0000,7.446077108
2,81,2,2,2,1.0000,5.482253551
2,81,3,2,2,1.0000,5.530303717
3,81,1,2,2,0.0375,2.683503866
3,81,2,2,2,0.0375,2.327595949
3,81,3,2,2,0.0375,2.334615469
1,81,1,3,2,0.0006,81.25415778
1,81,2,3,2,0.0006,67.03115821
1,81,3,3,2,0.0006,70.17303991
2,81,1,3,2,1.0000,7.569068909
2,81,2,3,2,1.0000,5.534242868
2,81,3,3,2,1.0000,5.505275965
3,81,1,3,2,0.0375,2.571457863
3,81,2,3,2,0.0375,2.272593498
3,81,3,3,2,0.0375,2.251623631
1,81,1,4,2,0.0006,81.51221991
1,81,2,4,2,0.0006,66.29405928
1,81,3,4,2,0.0006,70.35004592
2,81,1,4,2,1.0000,7.133003473
2,81,2,4,2,1.0000,5.468207836
2,81,3,4,2,1.0000,5.492273092
3,81,1,4,2,0.0375,2.61051178
3,81,2,4,2,0.0375,2.297589064
3,81,3,4,2,0.0375,2.282584429
1,81,1,0,3,0.0006,84.00384974
1,81,2,0,3,0.0006,69.22083282
1,81,3,0,3,0.0006,73.30180645
2,81,1,0,3,1.0000,7.467172146
2,81,2,0,3,1.0000,5.584299564
2,81,3,0,3,1.0000,5.581331015
3,81,1,0,3,0.0375,2.620479822
3,81,2,0,3,0.0375,2.319627523
3,81,3,0,3,0.0375,2.281603098
1,81,1,1,3,0.0006,83.79275846
1,81,2,1,3,0.0006,69.03379393
1,81,3,1,3,0.0006,73.27189803
2,81,1,1,3,1.0000,7.390073538
2,81,2,1,3,1.0000,5.51821208
2,81,3,1,3,1.0000,5.504223824
3,81,1,1,3,0.0375,2.74554491
3,81,2,1,3,0.0375,2.453709364
3,81,3,1,3,0.0375,2.411599636
1,81,1,2,3,0.0006,81.47610927
1,81,2,2,3,0.0006,66.77112007
1,81,3,2,3,0.0006,70.47099423
2,81,1,2,3,1.0000,7.249132156
2,81,2,2,3,1.0000,5.617355585
2,81,3,2,3,1.0000,5.615419626
3,81,1,2,3,0.0375,2.602454662
3,81,2,2,3,0.0375,2.303611755
3,81,3,2,3,0.0375,2.286633015
1,81,1,3,3,0.0006,80.1517787
1,81,2,3,3,0.0006,65.91499805
1,81,3,3,3,0.0006,69.07019329
2,81,1,3,3,1.0000,7.347100973
2,81,2,3,3,1.0000,5.549249172
2,81,3,3,3,1.0000,5.571336031
3,81,1,3,3,0.0375,2.538444519
3,81,2,3,3,0.0375,2.254581928
3,81,3,3,3,0.0375,2.238595724
1,81,1,4,3,0.0006,82.68739915
1,81,2,4,3,0.0006,67.61842847
1,81,3,4,3,0.0006,71.99648857
2,81,1,4,3,1.0000,7.280017138
2,81,2,4,3,1.0000,5.486243963
2,81,3,4,3,1.0000,5.509249687
3,81,1,4,3,0.0375,2.497477293
3,81,2,4,3,0.0375,2.204577923
3,81,3,4,3,0.0375,2.198601723
1,81,1,0,4,0.0006,84.94196582
1,81,2,0,4,0.0006,69.86289787
1,81,3,0,4,0.0006,73.8319068
2,81,1,0,4,1.0000,7.461100578
2,81,2,0,4,1.0000,5.486291885
2,81,3,0,4,1.0000,5.464321136
3,81,1,0,4,0.0375,2.674535513
3,81,2,0,4,0.0375,2.376572609
3,81,3,0,4,0.0375,2.381647348
1,81,1,1,4,0.0006,82.65949416
1,81,2,1,4,0.0006,67.37331009
1,81,3,1,4,0.0006,71.77948022
2,81,1,1,4,1.0000,7.347072124
2,81,2,1,4,1.0000,5.536293268
2,81,3,1,4,1.0000,5.457287312
3,81,1,1,4,0.0375,2.609462738
3,81,2,1,4,0.0375,2.292558908
3,81,3,1,4,0.0375,2.296643496
1,81,1,2,4,0.0006,83.41163874
1,81,2,2,4,0.0006,68.15556502
1,81,3,2,4,0.0006,71.95345283
2,81,1,2,4,1.0000,7.386120796
2,81,2,2,4,1.0000,5.479266167
2,81,3,2,4,1.0000,5.493319988
3,81,1,2,4,0.0375,2.649513721
3,81,2,2,4,0.0375,2.334619761
3,81,3,2,4,0.0375,2.308605909
1,81,1,3,4,0.0006,81.82920218
1,81,2,3,4,0.0006,66.33303905
1,81,3,3,4,0.0006,70.72312641
2,81,1,3,4,1.0000,7.300091982
2,81,2,3,4,1.0000,5.510294437
2,81,3,3,4,1.0000,5.485264301
3,81,1,3,4,0.0375,2.637469769
3,81,2,3,4,0.0375,2.316586256
3,81,3,3,4,0.0375,2.317632914
1,81,1,4,4,0.0006,81.62717247
1,81,2,4,4,0.0006,67.57434535
1,81,3,4,4,0.0006,70.83620429
2,81,1,4,4,1.0000,7.760228395
2,81,2,4,4,1.0000,5.420247078
2,81,3,4,4,1.0000,5.461313248
3,81,1,4,4,0.0375,2.698490143
3,81,2,4,4,0.0375,2.390605927
3,81,3,4,4,0.0375,2.367588043
1,81,1,0,5,0.0006,82.21232915
1,81,2,0,5,0.0006,67.35228658
1,81,3,0,5,0.0006,71.06621718
2,81,1,0,5,1.0000,7.20207262
2,81,2,0,5,1.0000,5.529322624
2,81,3,0,5,1.0000,5.519339561
3,81,1,0,5,0.0375,2.686532497
3,81,2,0,5,0.0375,2.39263463
3,81,3,0,5,0.0375,2.374662399
1,81,1,1,5,0.0006,81.96372652
1,81,2,1,5,0.0006,66.51804852
1,81,3,1,5,0.0006,70.35303593
2,81,1,1,5,1.0000,7.459146738
2,81,2,1,5,1.0000,5.457203388
2,81,3,1,5,1.0000,5.447300196
3,81,1,1,5,0.0375,2.592444897
3,81,2,1,5,0.0375,2.27057147
3,81,3,1,5,0.0375,2.27058053
1,81,1,2,5,0.0006,82.49334002
1,81,2,2,5,0.0006,67.18227196
1,81,3,2,5,0.0006,71.34427595
2,81,1,2,5,1.0000,7.532101154
2,81,2,2,5,1.0000,5.548310757
2,81,3,2,5,1.0000,5.526258469
3,81,1,2,5,0.0375,2.662516117
3,81,2,2,5,0.0375,2.349657059
3,81,3,2,5,0.0375,2.350628853
1,81,1,3,5,0.0006,80.42686677
1,81,2,3,5,0.0006,65.32277465
1,81,3,3,5,0.0006,69.79192901
2,81,1,3,5,1.0000,7.260047674
2,81,2,3,5,1.0000,5.484225035
2,81,3,3,5,1.0000,5.510293722
3,81,1,3,5,0.0375,2.713511944
3,81,2,3,5,0.0375,2.405616283
3,81,3,3,5,0.0375,2.403590679
1,81,1,4,5,0.0006,80.724962
1,81,2,4,5,0.0006,66.09996581
1,81,3,4,5,0.0006,69.8480103
2,81,1,4,5,1.0000,7.592097521
2,81,2,4,5,1.0000,5.471194267
2,81,3,4,5,1.0000,5.467199564
3,81,1,4,5,0.0375,2.739535093
3,81,2,4,5,0.0375,2.429579973
3,81,3,4,5,0.0375,2.42465663
1,81,1,0,6,0.0006,82.23131728
1,81,2,0,6,0.0006,67.32636285
1,81,3,0,6,0.0006,70.92421865
2,81,1,0,6,1.0000,7.331097841
2,81,2,0,6,1.0000,5.500365257
2,81,3,0,6,1.0000,5.470312357
3,81,1,0,6,0.0375,2.653483629
3,81,2,0,6,0.0375,2.334656239
3,81,3,0,6,0.0375,2.323585272
1,81,1,1,6,0.0006,82.20032287
1,81,2,1,6,0.0006,65.99599004
1,81,3,1,6,0.0006,70.31507468
2,81,1,1,6,1.0000,7.26305294
2,81,2,1,6,1.0000,5.540277243
2,81,3,1,6,1.0000,5.533287764
3,81,1,1,6,0.0375,2.537453175
3,81,2,1,6,0.0375,2.240591049
3,81,3,1,6,0.0375,2.247599602
1,81,1,2,6,0.0006,83.23564315
1,81,2,2,6,0.0006,68.55868244
1,81,3,2,6,0.0006,72.2246387
2,81,1,2,6,1.0000,7.418069363
2,81,2,2,6,1.0000,5.408297777
2,81,3,2,6,1.0000,5.414253235
3,81,1,2,6,0.0375,2.598444223
3,81,2,2,6,0.0375,2.2775805
3,81,3,2,6,0.0375,2.275590658
1,81,1,3,6,0.0006,85.71420693
1,81,2,3,6,0.0006,69.59388924
1,81,3,3,6,0.0006,74.41214609
2,81,1,3,6,1.0000,7.353027344
2,81,2,3,6,1.0000,5.611247301
2,81,3,3,6,1.0000,5.550261497
3,81,1,3,6,0.0375,2.690503836
3,81,2,3,6,0.0375,2.373625755
3,81,3,3,6,0.0375,2.377614498
1,81,1,4,6,0.0006,83.68073106
1,81,2,4,6,0.0006,68.11846399
1,81,3,4,6,0.0006,72.24756479
2,81,1,4,6,1.0000,7.165052891
2,81,2,4,6,1.0000,5.728324175
2,81,3,4,6,1.0000,5.72937274
3,81,1,4,6,0.0375,2.640506029
3,81,2,4,6,0.0375,2.322654247
3,81,3,4,6,0.0375,2.300632954
1,81,1,0,7,0.0006,82.85047102
1,81,2,0,7,0.0006,67.91046619
1,81,3,0,7,0.0006,71.71287513
2,81,1,0,7,1.0000,7.299053907
2,81,2,0,7,1.0000,5.524239302
2,81,3,0,7,1.0000,5.529254198
3,81,1,0,7,0.0375,2.622496367
3,81,2,0,7,0.0375,2.301579475
3,81,3,0,7,0.0375,2.307645321
1,81,1,1,7,0.0006,82.49541736
1,81,2,1,7,0.0006,67.77338481
1,81,3,1,7,0.0006,71.64540601
2,81,1,1,7,1.0000,7.437081337
2,81,2,1,7,1.0000,5.50929451
2,81,3,1,7,1.0000,5.503320217
3,81,1,1,7,0.0375,2.553492785
3,81,2,1,7,0.0375,2.251573324
3,81,3,1,7,0.0375,2.250594139
1,81,1,2,7,0.0006,81.8562336
1,81,2,2,7,0.0006,66.22895956
1,81,3,2,7,0.0006,70.60310888
2,81,1,2,7,1.0000,7.187096357
2,81,2,2,7,1.0000,5.600300312
2,81,3,2,7,1.0000,5.589363337
3,81,1,2,7,0.0375,2.642494917
3,81,2,2,7,0.0375,2.326603413
3,81,3,2,7,0.0375,2.334636927
1,81,1,3,7,0.0006,83.61468887
1,81,2,3,7,0.0006,68.19249415
1,81,3,3,7,0.0006,71.98050165
2,81,1,3,7,1.0000,7.15706706
2,81,2,3,7,1.0000,5.567275524
2,81,3,3,7,1.0000,5.653357267
3,81,1,3,7,0.0375,2.714523554
3,81,2,3,7,0.0375,2.435628414
3,81,3,3,7,0.0375,2.437644243
1,81,1,4,7,0.0006,83.35163045
1,81,2,4,7,0.0006,67.82141829
1,81,3,4,7,0.0006,72.07358861
2,81,1,4,7,1.0000,7.38800621
2,81,2,4,7,1.0000,5.519187927
2,81,3,4,7,1.0000,5.525235176
3,81,1,4,7,0.0375,2.541491032
3,81,2,4,7,0.0375,2.216564655
3,81,3,4,7,0.0375,2.206611872
1,81,1,0,8,0.0006,82.31979918
1,81,2,0,8,0.0006,67.57837844
1,81,3,0,8,0.0006,71.30827379
2,81,1,0,8,1.0000,7.521136522
2,81,2,0,8,1.0000,5.598281145
2,81,3,0,8,1.0000,5.605282784
3,81,1,0,8,0.0375,2.709499121
3,81,2,0,8,0.0375,2.372637987
3,81,3,0,8,0.0375,2.361619711
1,81,1,1,8,0.0006,81.26805472
1,81,2,1,8,0.0006,65.66285276
1,81,3,1,8,0.0006,69.89291501
2,81,1,1,8,1.0000,7.343063354
2,81,2,1,8,1.0000,5.856353283
2,81,3,1,8,1.0000,5.873385906
3,81,1,1,8,0.0375,2.587466717
3,81,2,1,8,0.0375,2.274584532
3,81,3,1,8,0.0375,2.269595861
1,81,1,2,8,0.0006,81.73718643
1,81,2,2,8,0.0006,66.24005008
1,81,3,2,8,0.0006,70.92816901
2,81,1,2,8,1.0000,7.214075327
2,81,2,2,8,1.0000,5.50036931
2,81,3,2,8,1.0000,5.4922719
3,81,1,2,8,0.0375,2.572485685
3,81,2,2,8,0.0375,2.280610085
3,81,3,2,8,0.0375,2.288642168
1,81,1,3,8,0.0006,82.15331793
1,81,2,3,8,0.0006,67.59531999
1,81,3,3,8,0.0006,71.1502347
2,81,1,3,8,1.0000,7.176063776
2,81,2,3,8,1.0000,5.49423337
2,81,3,3,8,1.0000,5.499294519
3,81,1,3,8,0.0375,2.665511608
3,81,2,3,8,0.0375,2.357632399
3,81,3,3,8,0.0375,2.339643002
1,81,1,4,8,0.0006,84.81897068
1,81,2,4,8,0.0006,69.74841785
1,81,3,4,8,0.0006,73.61589551
2,81,1,4,8,1.0000,7.430096149
2,81,2,4,8,1.0000,5.701298475
2,81,3,4,8,1.0000,5.701360703
3,81,1,4,8,0.0375,2.698499203
3,81,2,4,8,0.0375,2.353643417
3,81,3,4,8,0.0375,2.34960103
1,81,1,0,9,0.0006,80.66488051
1,81,2,0,9,0.0006,65.73894429
1,81,3,0,9,0.0006,69.6168046
2,81,1,0,9,1.0000,7.364131451
2,81,2,0,9,1.0000,5.585291386
2,81,3,0,9,1.0000,5.583390951
3,81,1,0,9,0.0375,2.55947423
3,81,2,0,9,0.0375,2.258616924
3,81,3,0,9,0.0375,2.261620283
1,81,1,1,9,0.0006,79.74976325
1,81,2,1,9,0.0006,64.70859241
1,81,3,1,9,0.0006,69.13582659
2,81,1,1,9,1.0000,7.347071886
2,81,2,1,9,1.0000,5.602247477
2,81,3,1,9,1.0000,5.594307899
3,81,1,1,9,0.0375,2.6504848
3,81,2,1,9,0.0375,2.333608866
3,81,3,1,9,0.0375,2.341628313
1,81,1,2,9,0.0006,81.9583199
1,81,2,2,9,0.0006,66.77196264
1,81,3,2,9,0.0006,70.94023323
2,81,1,2,9,1.0000,7.39901495
2,81,2,2,9,1.0000,5.568259478
2,81,3,2,9,1.0000,5.579240322
3,81,1,2,9,0.0375,2.704496861
3,81,2,2,9,0.0375,2.392651796
3,81,3,2,9,0.0375,2.380668163
1,81,1,3,9,0.0006,81.54820347
1,81,2,3,9,0.0006,67.14267349
1,81,3,3,9,0.0006,70.89722371
2,81,1,3,9,1.0000,7.30900979
2,81,2,3,9,1.0000,5.481245518
2,81,3,3,9,1.0000,5.46123457
3,81,1,3,9,0.0375,2.557513714
3,81,2,3,9,0.0375,2.223589659
3,81,3,3,9,0.0375,2.234590769
1,81,1,4,9,0.0006,81.0050509
1,81,2,4,9,0.0006,66.34803987
1,81,3,4,9,0.0006,70.18805957
2,81,1,4,9,1.0000,7.394050121
2,81,2,4,9,1.0000,5.445299387
2,81,3,4,9,1.0000,5.476298332
3,81,1,4,9,0.0375,2.657479525
3,81,2,4,9,0.0375,2.354598761
3,81,3,4,9,0.0375,2.348644257
1,243,1,0,0,0.0001,911.3682361
1,243,2,0,0,0.0001,769.3711259
1,243,3,0,0,0.0001,781.6997659
2,243,1,0,0,1.0000,55.90729117
2,243,2,0,0,1.0000,49.54675055
2,243,3,0,0,1.0000,50.46080184
3,243,1,0,0,0.0124,9.958634853
3,243,2,0,0,0.0124,9.173220158
3,243,3,0,0,0.0124,9.122181416
1,243,1,1,0,0.0001,881.7402563
1,243,2,1,0,0.0001,745.2405233
1,243,3,1,0,0.0001,750.9324563
2,243,1,1,0,1.0000,55.6043067
2,243,2,1,0,1.0000,50.01492858
2,243,3,1,0,1.0000,49.63763022
3,243,1,1,0,0.0124,10.526829
3,243,2,1,0,0.0124,10.47958326
3,243,3,1,0,0.0124,9.741383314
1,243,1,2,0,0.0001,909.675916
1,243,2,2,0,0.0001,768.7249804
1,243,3,2,0,0.0001,772.4949365
2,243,1,2,0,1.0000,55.37522531
2,243,2,2,0,1.0000,49.55082917
2,243,3,2,0,1.0000,49.33854938
3,243,1,2,0,0.0124,10.09770489
3,243,2,2,0,0.0124,9.331304312
3,243,3,2,0,0.0124,9.373277187
1,243,1,3,0,0.0001,925.1486442
1,243,2,3,0,0.0001,785.0884719
1,243,3,3,0,0.0001,789.3575468
2,243,1,3,0,1.0000,55.275208
2,243,2,3,0,1.0000,49.41671062
2,243,3,3,0,1.0000,49.49964118
3,243,1,3,0,0.0124,9.867568731
3,243,2,3,0,0.0124,9.256251812
3,243,3,3,0,0.0124,9.112381697
1,243,1,4,0,0.0001,914.6191857
1,243,2,4,0,0.0001,769.5437591
1,243,3,4,0,0.0001,776.8395519
2,243,1,4,0,1.0000,55.59431052
2,243,2,4,0,1.0000,49.92590404
2,243,3,4,0,1.0000,49.1095295
3,243,1,4,0,0.0124,10.28367209
3,243,2,4,0,0.0124,9.67130971
3,243,3,4,0,0.0124,9.433236361
1,243,1,0,1,0.0001,897.8988664
1,243,2,0,1,0.0001,760.9780488
1,243,3,0,1,0.0001,762.3149219
2,243,1,0,1,1.0000,56.24340391
2,243,2,0,1,1.0000,51.81431484
2,243,3,0,1,1.0000,49.929708
3,243,1,0,1,0.0124,10.30067849
3,243,2,0,1,0.0124,9.835394621
3,243,3,0,1,0.0124,10.290447
1,243,1,1,1,0.0001,932.1037045
1,243,2,1,1,0.0001,784.2666464
1,243,3,1,1,0.0001,792.1541126
2,243,1,1,1,1.0000,56.16846514
2,243,2,1,1,1.0000,50.96407509
2,243,3,1,1,1.0000,50.31684494
3,243,1,1,1,0.0124,10.15565467
3,243,2,1,1,0.0124,9.799357176
3,243,3,1,1,0.0124,9.435258627
1,243,1,2,1,0.0001,916.0801666
1,243,2,2,1,0.0001,778.3636649
1,243,3,2,1,0.0001,787.4884338
2,243,1,2,1,1.0000,55.93536925
2,243,2,2,1,1.0000,50.54608345
2,243,3,2,1,1.0000,50.00082541
3,243,1,2,1,0.0124,10.31621361
3,243,2,2,1,0.0124,9.643809795
3,243,3,2,1,0.0124,9.281692505
1,243,1,3,1,0.0001,883.277828
1,243,2,3,1,0.0001,747.3717566
1,243,3,3,1,0.0001,746.6686583
2,243,1,3,1,1.0000,55.62622285
2,243,2,3,1,1.0000,50.65501142
2,243,3,3,1,1.0000,49.20552588
3,243,1,3,1,0.0124,9.902556658
3,243,2,3,1,0.0124,9.456327677
3,243,3,3,1,0.0124,9.434243917
1,243,1,4,1,0.0001,910.4766757
1,243,2,4,1,0.0001,773.500895
1,243,3,4,1,0.0001,774.432507
2,243,1,4,1,1.0000,55.47722268
2,243,2,4,1,1.0000,50.82306075
2,243,3,4,1,1.0000,49.35048866
3,243,1,4,1,0.0124,9.95360446
3,243,2,4,1,0.0124,9.631348372
3,243,3,4,1,0.0124,9.83542037
1,243,1,0,2,0.0001,895.1562817
1,243,2,0,2,0.0001,754.2680428
1,243,3,0,2,0.0001,759.5963526
2,243,1,0,2,1.0000,56.00041294
2,243,2,0,2,1.0000,50.14888906
2,243,3,0,2,1.0000,50.1858089
3,243,1,0,2,0.0124,9.511490107
3,243,2,0,2,0.0124,8.777144909
3,243,3,0,2,0.0124,8.895127058
1,243,1,1,2,0.0001,933.0014441
1,243,2,1,2,0.0001,786.3061891
1,243,3,1,2,0.0001,796.6698372
2,243,1,1,2,1.0000,55.67825365
2,243,2,1,2,1.0000,49.43516612
2,243,3,1,2,1.0000,49.42951274
3,243,1,1,2,0.0124,9.75554657
3,243,2,1,2,0.0124,9.362321615
3,243,3,1,2,0.0124,8.886182308
1,243,1,2,2,0.0001,913.783509
1,243,2,2,2,0.0001,773.9225235
1,243,3,2,2,0.0001,774.8122497
2,243,1,2,2,1.0000,55.54325175
2,243,2,2,2,1.0000,50.57493925
2,243,3,2,2,1.0000,49.49857759
3,243,1,2,2,0.0124,10.00359821
3,243,2,2,2,0.0124,9.43027091
3,243,3,2,2,0.0124,9.501251459
1,243,1,3,2,0.0001,919.5787773
1,243,2,3,2,0.0001,773.8272362
1,243,3,3,2,0.0001,783.2031245
2,243,1,3,2,1.0000,55.52624607
2,243,2,3,2,1.0000,50.04594064
2,243,3,3,2,1.0000,49.17554235
3,243,1,3,2,0.0124,10.09962368
3,243,2,3,2,0.0124,9.280243158
3,243,3,3,2,0.0124,9.91036725
1,243,1,4,2,0.0001,858.3763719
1,243,2,4,2,0.0001,728.2867987
1,243,3,4,2,0.0001,727.5811033
2,243,1,4,2,1.0000,55.25218296
2,243,2,4,2,1.0000,49.95386887
2,243,3,4,2,1.0000,49.29658175
3,243,1,4,2,0.0124,9.909640551
3,243,2,4,2,0.0124,9.263223648
3,243,3,4,2,0.0124,9.38022089
1,243,1,0,3,0.0001,907.3863993
1,243,2,0,3,0.0001,765.1036427
1,243,3,0,3,0.0001,770.9956248
2,243,1,0,3,1.0000,55.24520874
2,243,2,0,3,1.0000,49.69881225
2,243,3,0,3,1.0000,49.09557939
3,243,1,0,3,0.0124,9.785536528
3,243,2,0,3,0.0124,9.57630372
3,243,3,0,3,0.0124,9.178152561
1,243,1,1,3,0.0001,910.4581265
1,243,2,1,3,0.0001,766.4984522
1,243,3,1,3,0.0001,774.00037
2,243,1,1,3,1.0000,55.37873936
2,243,2,1,3,1.0000,49.31573272
2,243,3,1,3,1.0000,48.7924521
3,243,1,1,3,0.0124,9.559580803
3,243,2,1,3,0.0124,8.847163916
3,243,3,1,3,0.0124,8.941159487
1,243,1,2,3,0.0001,903.1293058
1,243,2,2,3,0.0001,763.8302605
1,243,3,2,3,0.0001,770.920058
2,243,1,2,3,1.0000,54.88960814
2,243,2,2,3,1.0000,48.58150053
2,243,3,2,3,1.0000,48.83048987
3,243,1,2,3,0.0124,10.04265904
3,243,2,2,3,0.0124,8.963210344
3,243,3,2,3,0.0124,9.08317399
1,243,1,3,3,0.0001,902.4496448
1,243,2,3,3,0.0001,759.6892805
1,243,3,3,3,0.0001,768.8861215
2,243,1,3,3,1.0000,55.13216186
2,243,2,3,3,1.0000,49.35168576
2,243,3,3,3,1.0000,49.70369887
3,243,1,3,3,0.0124,9.930589199
3,243,2,3,3,0.0124,9.263196468
3,243,3,3,3,0.0124,9.101130962
1,243,1,4,3,0.0001,915.8944638
1,243,2,4,3,0.0001,772.3689208
1,243,3,4,3,0.0001,782.3369246
2,243,1,4,3,1.0000,55.14514446
2,243,2,4,3,1.0000,48.61053014
2,243,3,4,3,1.0000,50.01474547
3,243,1,4,3,0.0124,10.1187129
3,243,2,4,3,0.0124,9.163249969
3,243,3,4,3,0.0124,9.390269279
1,243,1,0,4,0.0001,907.8339396
1,243,2,0,4,0.0001,768.5189903
1,243,3,0,4,0.0001,772.1608896
2,243,1,0,4,1.0000,54.995085
2,243,2,0,4,1.0000,49.71079469
2,243,3,0,4,1.0000,49.07747269
3,243,1,0,4,0.0124,9.723596096
3,243,2,0,4,0.0124,9.384317398
3,243,3,0,4,0.0124,9.28026557
1,243,1,1,4,0.0001,878.408973
1,243,2,1,4,0.0001,739.6661522
1,243,3,1,4,0.0001,744.0536518
2,243,1,1,4,1.0000,55.98341656
2,243,2,1,4,1.0000,50.72910047
2,243,3,1,4,1.0000,49.33161473
3,243,1,1,4,0.0124,9.75660491
3,243,2,1,4,0.0124,9.147256613
3,243,3,1,4,0.0124,9.108222723
1,243,1,2,4,0.0001,888.6871052
1,243,2,2,4,0.0001,753.7062373
1,243,3,2,4,0.0001,755.5391674
2,243,1,2,4,1.0000,55.30322647
2,243,2,2,4,1.0000,49.44374871
2,243,3,2,4,1.0000,49.59862041
3,243,1,2,4,0.0124,9.912632465
3,243,2,2,4,0.0124,9.033213615
3,243,3,2,4,0.0124,9.033156395
1,243,1,3,4,0.0001,908.3771429
1,243,2,3,4,0.0001,765.9298611
1,243,3,3,4,0.0001,769.5198328
2,243,1,3,4,1.0000,55.16311502
2,243,2,3,4,1.0000,50.12282228
2,243,3,3,4,1.0000,49.55759358
3,243,1,3,4,0.0124,10.164711
3,243,2,3,4,0.0124,9.975358248
3,243,3,3,4,0.0124,9.472260714
1,243,1,4,4,0.0001,913.127872
1,243,2,4,4,0.0001,772.2344422
1,243,3,4,4,0.0001,777.0051708
2,243,1,4,4,1.0000,55.01016283
2,243,2,4,4,1.0000,49.45622587
2,243,3,4,4,1.0000,49.08250117
3,243,1,4,4,0.0124,9.834604979
3,243,2,4,4,0.0124,9.366292
3,243,3,4,4,0.0124,9.129158497
1,243,1,0,5,0.0001,904.0069842
1,243,2,0,5,0.0001,756.688
1,243,3,0,5,0.0001,764.7665179
2,243,1,0,5,1.0000,54.94909763
2,243,2,0,5,1.0000,49.41274524
2,243,3,0,5,1.0000,49.06250167
3,243,1,0,5,0.0124,9.67358017
3,243,2,0,5,0.0124,8.958171368
3,243,3,0,5,0.0124,9.207176924
1,243,1,1,5,0.0001,927.6470139
1,243,2,1,5,0.0001,778.979676
1,243,3,1,5,0.0001,791.1597261
2,243,1,1,5,1.0000,54.70808625
2,243,2,1,5,1.0000,49.71283531
2,243,3,1,5,1.0000,48.27835751
3,243,1,1,5,0.0124,10.31879449
3,243,2,1,5,0.0124,9.773396015
3,243,3,1,5,0.0124,9.547852755
1,243,1,2,5,0.0001,891.4993644
1,243,2,2,5,0.0001,747.3321092
1,243,3,2,5,0.0001,754.9545138
2,243,1,2,5,1.0000,54.91611314
2,243,2,2,5,1.0000,48.94660115
2,243,3,2,5,1.0000,48.94447446
3,243,1,2,5,0.0124,10.05364203
3,243,2,2,5,0.0124,9.584293365
3,243,3,2,5,0.0124,9.381241083
1,243,1,3,5,0.0001,878.7060423
1,243,2,3,5,0.0001,742.4618723
1,243,3,3,5,0.0001,744.9569881
2,243,1,3,5,1.0000,54.8750968
2,243,2,3,5,1.0000,49.41173482
2,243,3,3,5,1.0000,48.81145859
3,243,1,3,5,0.0124,9.863600254
3,243,2,3,5,0.0124,9.237205267
3,243,3,3,5,0.0124,9.158163071
1,243,1,4,5,0.0001,915.8225453
1,243,2,4,5,0.0001,772.5260568
1,243,3,4,5,0.0001,781.1186781
2,243,1,4,5,1.0000,54.88708353
2,243,2,4,5,1.0000,49.41374564
2,243,3,4,5,1.0000,48.74737763
3,243,1,4,5,0.0124,9.818628788
3,243,2,4,5,0.0124,9.490334034
3,243,3,4,5,0.0124,9.086179972
1,243,1,0,6,0.0001,872.542521
1,243,2,0,6,0.0001,742.3938906
1,243,3,0,6,0.0001,743.6536205
2,243,1,0,6,1.0000,54.88506436
2,243,2,0,6,1.0000,49.84184551
2,243,3,0,6,1.0000,49.27551484
3,243,1,0,6,0.0124,10.00667882
3,243,2,0,6,0.0124,9.510328054
3,243,3,0,6,0.0124,9.317230701
1,243,1,1,6,0.0001,886.7121348
1,243,2,1,6,0.0001,752.1978421
1,243,3,1,6,0.0001,754.9580176
2,243,1,1,6,1.0000,55.55228543
2,243,2,1,6,1.0000,50.137887
2,243,3,1,6,1.0000,49.37360859
3,243,1,1,6,0.0124,10.14874053
3,243,2,1,6,0.0124,9.624336243
3,243,3,1,6,0.0124,9.407327175
1,243,1,2,6,0.0001,918.3727009
1,243,2,2,6,0.0001,775.3626983
1,243,3,2,6,0.0001,779.8058469
2,243,1,2,6,1.0000,55.26021862
2,243,2,2,6,1.0000,49.53383756
2,243,3,2,6,1.0000,49.79673529
3,243,1,2,6,0.0124,9.960647345
3,243,2,2,6,0.0124,9.353261471
3,243,3,2,6,0.0124,9.349209785
1,243,1,3,6,0.0001,982.8629348
1,243,2,3,6,0.0001,839.4856253
1,243,3,3,6,0.0001,867.1495144
2,243,1,3,6,1.0000,65.03545523
2,243,2,3,6,1.0000,58.18666792
2,243,3,3,6,1.0000,54.47752929
3,243,1,3,6,0.0124,11.08709455
3,243,2,3,6,0.0124,10.37754965
3,243,3,3,6,0.0124,10.49283409
1,243,1,4,6,0.0001,997.8607149
1,243,2,4,6,0.0001,839.8157692
1,243,3,4,6,0.0001,826.1946807
2,243,1,4,6,1.0000,65.66484141
2,243,2,4,6,1.0000,60.28419447
2,243,3,4,6,1.0000,57.03558469
3,243,1,4,6,0.0124,11.60402608
3,243,2,4,6,0.0124,11.07375622
3,243,3,4,6,0.0124,10.67852902
1,243,1,0,7,0.0001,988.9051929
1,243,2,0,7,0.0001,830.1308348
1,243,3,0,7,0.0001,840.6172533
2,243,1,0,7,1.0000,61.16370797
2,243,2,0,7,1.0000,55.4393785
2,243,3,0,7,1.0000,54.31240439
3,243,1,0,7,0.0124,11.32796383
3,243,2,0,7,0.0124,10.64262319
3,243,3,0,7,0.0124,10.4005084
1,243,1,1,7,0.0001,921.9080427
1,243,2,1,7,0.0001,788.8759882
1,243,3,1,7,0.0001,783.5353744
2,243,1,1,7,1.0000,56.24243355
2,243,2,1,7,1.0000,51.16415882
2,243,3,1,7,1.0000,51.09053898
3,243,1,1,7,0.0124,10.07366848
3,243,2,1,7,0.0124,10.16141033
3,243,3,1,7,0.0124,9.457224369
1,243,1,2,7,0.0001,911.1047451
1,243,2,2,7,0.0001,770.5545774
1,243,3,2,7,0.0001,774.1022046
2,243,1,2,7,1.0000,56.31051326
2,243,2,2,7,1.0000,50.78817987
2,243,3,2,7,1.0000,50.11479592
3,243,1,2,7,0.0124,9.716603994
3,243,2,2,7,0.0124,8.921120882
3,243,3,2,7,0.0124,9.096148491
1,243,1,3,7,0.0001,980.0943086
1,243,2,3,7,0.0001,819.3110557
1,243,3,3,7,0.0001,839.4353647
2,243,1,3,7,1.0000,57.59381819
2,243,2,3,7,1.0000,51.82534051
2,243,3,3,7,1.0000,50.65833735
3,243,1,3,7,0.0124,9.87164712
3,243,2,3,7,0.0124,9.421265841
3,243,3,3,7,0.0124,9.142196178
1,243,1,4,7,0.0001,974.3854384
1,243,2,4,7,0.0001,815.7364864
1,243,3,4,7,0.0001,823.9181828
2,243,1,4,7,1.0000,58.74610853
2,243,2,4,7,1.0000,51.56029415
2,243,3,4,7,1.0000,52.05731297
3,243,1,4,7,0.0124,11.19391298
3,243,2,4,7,0.0124,10.59256601
3,243,3,4,7,0.0124,9.911852598
1,243,1,0,8,0.0001,916.7789421
1,243,2,0,8,0.0001,772.9623282
1,243,3,0,8,0.0001,779.1753819
2,243,1,0,8,1.0000,55.61328506
2,243,2,0,8,1.0000,50.37499452
2,243,3,0,8,1.0000,50.61742139
3,243,1,0,8,0.0124,10.03572178
3,243,2,0,8,0.0124,9.269258261
3,243,3,0,8,0.0124,9.429310322
1,243,1,1,8,0.0001,907.1188796
1,243,2,1,8,0.0001,768.5096395
1,243,3,1,8,0.0001,774.8477576
2,243,1,1,8,1.0000,56.61751604
2,243,2,1,8,1.0000,50.14594316
2,243,3,1,8,1.0000,50.06174397
3,243,1,1,8,0.0124,10.84387803
3,243,2,1,8,0.0124,10.07243729
3,243,3,1,8,0.0124,9.964391232
1,243,1,2,8,0.0001,920.017596
1,243,2,2,8,0.0001,774.6527536
1,243,3,2,8,0.0001,776.8182228
2,243,1,2,8,1.0000,56.79858541
2,243,2,2,8,1.0000,51.30026174
2,243,3,2,8,1.0000,50.89302635
3,243,1,2,8,0.0124,10.15366697
3,243,2,2,8,0.0124,9.45427084
3,243,3,2,8,0.0124,9.433255672
1,243,1,3,8,0.0001,921.067903
1,243,2,3,8,0.0001,778.9632862
1,243,3,3,8,0.0001,782.4481785
2,243,1,3,8,1.0000,55.55731416
2,243,2,3,8,1.0000,50.39892983
2,243,3,3,8,1.0000,49.83971119
3,243,1,3,8,0.0124,9.604542017
3,243,2,3,8,0.0124,9.076275587
3,243,3,3,8,0.0124,9.173197508
1,243,1,4,8,0.0001,916.8594048
1,243,2,4,8,0.0001,778.6642425
1,243,3,4,8,0.0001,778.3856673
2,243,1,4,8,1.0000,55.7413404
2,243,2,4,8,1.0000,51.48232508
2,243,3,4,8,1.0000,49.47464776
3,243,1,4,8,0.0124,10.24567366
3,243,2,4,8,0.0124,10.04639697
3,243,3,4,8,0.0124,9.811333656
1,243,1,0,9,0.0001,917.0272956
1,243,2,0,9,0.0001,776.7847829
1,243,3,0,9,0.0001,782.7252319
2,243,1,0,9,1.0000,55.40421271
2,243,2,0,9,1.0000,50.48290277
2,243,3,0,9,1.0000,49.33450508
3,243,1,0,9,0.0124,10.15174174
3,243,2,0,9,0.0124,9.79943347
3,243,3,0,9,0.0124,9.598330975
1,243,1,1,9,0.0001,928.7238016
1,243,2,1,9,0.0001,778.7372372
1,243,3,1,9,0.0001,787.7645612
2,243,1,1,9,1.0000,55.14320064
2,243,2,1,9,1.0000,49.7188108
2,243,3,1,9,1.0000,48.54738379
3,243,1,1,9,0.0124,10.08364081
3,243,2,1,9,0.0124,9.477283478
3,243,3,1,9,0.0124,9.467263222
1,243,1,2,9,0.0001,918.1677115
1,243,2,2,9,0.0001,775.8114738
1,243,3,2,9,0.0001,777.1548584
2,243,1,2,9,1.0000,55.51023197
2,243,2,2,9,1.0000,50.52502155
2,243,3,2,9,1.0000,49.86269712
3,243,1,2,9,0.0124,10.24767351
3,243,2,2,9,0.0124,9.637375593
3,243,3,2,9,0.0124,9.611276865
1,243,1,3,9,0.0001,895.8585556
1,243,2,3,9,0.0001,755.0811968
1,243,3,3,9,0.0001,761.0117786
2,243,1,3,9,1.0000,56.30242538
2,243,2,3,9,1.0000,50.7884872
2,243,3,3,9,1.0000,50.53079939
3,243,1,3,9,0.0124,10.22070575
3,243,2,3,9,0.0124,9.56730175
3,243,3,3,9,0.0124,9.622793436
1,243,1,4,9,0.0001,924.7299182
1,243,2,4,9,0.0001,779.8370333
1,243,3,4,9,0.0001,786.1561792
2,243,1,4,9,1.0000,55.60727262
2,243,2,4,9,1.0000,50.61204791
2,243,3,4,9,1.0000,49.23445868
3,243,1,4,9,0.0124,10.30074549
3,243,2,4,9,0.0124,9.872365713
3,243,3,4,9,0.0124,10.09647179
